v,density
0.000258722,2.50000e-06,
13.2264,1.49669e-05,
25.4382,5.61864e-05,
36.6345,0.000114908,
48.5954,0.000189879,
68.7047,0.000361078,
86.0190,0.000557285,
100.789,0.000744748,
124.986,0.00109469,
150.206,0.00149712,
172.114,0.00185207,
196.822,0.00222451,
215.159,0.00247196,
224.073,0.00258819,
232.220,0.00267567,
240.112,0.00275315,
247.495,0.00282313,
255.894,0.00288811,
262.766,0.00293809,
271.673,0.00298932,
279.560,0.00302680,
293.043,0.00305927,
309.575,0.00306673,
321.525,0.00303420,
331.693,0.00299167,
343.386,0.00292914,
351.518,0.00287287,
360.158,0.00280035,
368.289,0.00272908,
376.165,0.00265406,
384.040,0.00257029,
393.185,0.00246777,
399.790,0.00239400,
408.934,0.00228398,
417.570,0.00217771,
426.968,0.00206143,
443.731,0.00184639,
463.034,0.00159884,
485.640,0.00131879,
502.151,0.00112374,
518.156,0.000957455,
532.130,0.000821170,
545.851,0.000701136,
562.623,0.000572344,
587.021,0.000408533,
599.730,0.000342251,
615.999,0.000268460,
628.202,0.000219680,
644.219,0.000167140,
663.288,0.000115842,
683.375,7.57916e-05,
701.429,4.69964e-05,
716.687,3.07083e-05,
731.691,2.06708e-05,
749.492,6.87627e-06,
762.208,1.84448e-06,
